{
   "Module805 Original": {
      "0.000000": [
         1.3087150025040397, 
         -8.573396953382155e-8
      ],
      "50.000000": [
         51.143826361394325, 
         8.292720267408334e-8
      ],
      "100.000000": [
         101.58368689111681, 
         1.8983950396774772e-7
      ],
      "150.000000": [
         152.85507753073355, 
         1.6279247786481593e-7
      ],
      "200.000000": [
         201.72636989861005, 
         1.2630450868821925e-7
      ],
      "250.000000": [
         251.93472488637332, 
         1.5054476793141284e-7
      ],
      "300.000000": [
         301.2926513526538, 
         0.0000013316832946339722
      ],
      "350.000000": [
         352.70105547628725, 
         0.0000015501007884463272
      ],
      "400.000000": [
         401.1565827892166, 
         0.0000018039856089408284
      ],
      "450.000000": [
         452.1586710636971, 
         0.000001909111785869205
      ],
      "500.000000": [
         500.5102571128897, 
         0.0000020474088438672144
      ],
      "550.000000": [
         551.800546164095, 
         0.00000215840371513868
      ],
      "600.000000": [
         600.6954615464571, 
         0.0000023428848460105637
      ],
      "650.000000": [
         651.3621030152416, 
         0.0000024584726085070555
      ],
      "700.000000": [
         702.1185119390716, 
         0.0000027271567451710854
      ],
      "750.000000": [
         751.2591066720843, 
         0.0000029356229746625505
      ],
      "800.000000": [
         802.1005584480625, 
         0.000003707994182337782
      ],
      "850.000000": [
         851.5907737954625, 
         0.000010986195810262562
      ],
      "900.000000": [
         902.139300191819, 
         0.00002305682427087852
      ],
      "950.000000": [
         950.736565591662, 
         0.00003604194840652191
      ]
   }
}
