{
   "module805/thermalCycles/data_IVCurve_Neg30_25Vper10sec_16Apr21.txt": {
      "0.000000": [
         -0.000405462406666667,
         -2.02291916666667e-08
      ],
      "100.000000": [
         100.020690909091,
         4.025647e-08
      ],
      "1000.000000": [
         999.951518181818,
         1.96203427272727e-06
      ],
      "1025.000000": [
         1024.92936363636,
         2.25369927272727e-06
      ],
      "1050.000000": [
         1049.92554545455,
         2.99061590909091e-06
      ],
      "1075.000000": [
         1074.93063636364,
         4.17181918181818e-06
      ],
      "125.000000": [
         124.999181818182,
         5.00626009090909e-08
      ],
      "150.000000": [
         149.982045454545,
         5.88055545454545e-08
      ],
      "175.000000": [
         174.993609090909,
         7.04732790909091e-08
      ],
      "200.000000": [
         200.017609090909,
         7.796467e-08
      ],
      "225.000000": [
         225.026918181818,
         8.58463445454545e-08
      ],
      "25.000000": [
         24.9993063636364,
         5.199297e-09
      ],
      "250.000000": [
         250.009163636364,
         8.82866454545455e-08
      ],
      "275.000000": [
         274.984863636364,
         1.13165254545455e-07
      ],
      "300.000000": [
         299.9847,
         1.81054381818182e-07
      ],
      "325.000000": [
         324.994472727273,
         1.95032336363636e-07
      ],
      "350.000000": [
         350.000409090909,
         2.13334590909091e-07
      ],
      "375.000000": [
         375.008636363636,
         2.27909190909091e-07
      ],
      "400.000000": [
         400.008281818182,
         2.33305590909091e-07
      ],
      "425.000000": [
         424.985836363636,
         2.618671e-07
      ],
      "450.000000": [
         449.964736363636,
         2.89481963636364e-07
      ],
      "475.000000": [
         474.977381818182,
         2.98184654545455e-07
      ],
      "50.000000": [
         50.0106981818182,
         1.91997642727273e-08
      ],
      "500.000000": [
         500.002645454545,
         3.24507545454545e-07
      ],
      "525.000000": [
         525.014272727273,
         3.73129754545455e-07
      ],
      "550.000000": [
         550.002427272727,
         4.14224563636364e-07
      ],
      "575.000000": [
         574.983745454545,
         4.48330436363636e-07
      ],
      "600.000000": [
         599.969245454545,
         4.65484327272727e-07
      ],
      "625.000000": [
         624.996972727273,
         4.87828154545455e-07
      ],
      "650.000000": [
         650.007909090909,
         5.30551690909091e-07
      ],
      "675.000000": [
         675.020254545454,
         5.75010890909091e-07
      ],
      "700.000000": [
         700.005154545455,
         6.24216272727273e-07
      ],
      "725.000000": [
         725.000709090909,
         6.71178481818182e-07
      ],
      "75.000000": [
         75.0204472727273,
         3.07598881818182e-08
      ],
      "750.000000": [
         749.980172727273,
         7.27937845454546e-07
      ],
      "775.000000": [
         774.9844,
         7.712528e-07
      ],
      "800.000000": [
         799.988818181818,
         8.32547745454546e-07
      ],
      "825.000000": [
         825.014236363636,
         9.111307e-07
      ],
      "850.000000": [
         849.994536363636,
         1.02298525454545e-06
      ],
      "875.000000": [
         874.966127272727,
         1.10719745454545e-06
      ],
      "900.000000": [
         899.941163636364,
         1.19710781818182e-06
      ],
      "925.000000": [
         924.959827272727,
         1.36630518181818e-06
      ],
      "950.000000": [
         949.962836363636,
         1.567006e-06
      ],
      "975.000000": [
         974.966609090909,
         1.76126554545455e-06
      ]
   },
   "module805/thermalCycles/data_IVCurve_Neg30_25Vper10sec_19Apr21.txt": {
      "0.000000": [
         -0.00037681554137931,
         -1.27208772413793e-08
      ],
      "100.000000": [
         100.022036363636,
         5.80423454545455e-07
      ],
      "1000.000000": [
         999.9517,
         6.50277345454545e-05
      ],
      "1025.000000": [
         1024.93045454545,
         7.084178e-05
      ],
      "1050.000000": [
         1049.92618181818,
         7.66591790909091e-05
      ],
      "1075.000000": [
         1074.931,
         8.28326354545455e-05
      ],
      "125.000000": [
         125.000427272727,
         7.28387772727273e-07
      ],
      "150.000000": [
         149.982754545455,
         8.14616654545454e-07
      ],
      "175.000000": [
         174.994727272727,
         9.10579636363636e-07
      ],
      "200.000000": [
         200.018790909091,
         9.94727009090909e-07
      ],
      "225.000000": [
         225.026890909091,
         9.98687681818182e-07
      ],
      "25.000000": [
         25.00152,
         1.45901090909091e-07
      ],
      "250.000000": [
         250.009354545455,
         1.01426274545455e-06
      ],
      "275.000000": [
         274.985254545455,
         1.05608945454545e-06
      ],
      "300.000000": [
         299.984645454546,
         1.22017163636364e-06
      ],
      "325.000000": [
         324.994481818182,
         1.25871909090909e-06
      ],
      "350.000000": [
         350.001,
         1.32673463636364e-06
      ],
      "375.000000": [
         375.009054545455,
         1.39084772727273e-06
      ],
      "400.000000": [
         400.009536363636,
         1.42494545454545e-06
      ],
      "425.000000": [
         424.986163636364,
         1.47278727272727e-06
      ],
      "450.000000": [
         449.964754545455,
         1.57682518181818e-06
      ],
      "475.000000": [
         474.977827272727,
         1.67713954545455e-06
      ],
      "50.000000": [
         50.0127836363636,
         3.24203963636364e-07
      ],
      "500.000000": [
         500.003409090909,
         1.81247009090909e-06
      ],
      "525.000000": [
         525.014690909091,
         2.114898e-06
      ],
      "550.000000": [
         550.003072727273,
         2.65888881818182e-06
      ],
      "575.000000": [
         574.984281818182,
         3.51337272727273e-06
      ],
      "600.000000": [
         599.970127272727,
         4.74293863636364e-06
      ],
      "625.000000": [
         624.999481818182,
         6.34299309090909e-06
      ],
      "650.000000": [
         650.009554545455,
         8.15619e-06
      ],
      "675.000000": [
         675.021690909091,
         1.03429672727273e-05
      ],
      "700.000000": [
         700.005281818182,
         1.28310109090909e-05
      ],
      "725.000000": [
         725.001272727273,
         1.57894381818182e-05
      ],
      "75.000000": [
         75.0216918181818,
         4.69598218181818e-07
      ],
      "750.000000": [
         749.980963636364,
         1.900518e-05
      ],
      "775.000000": [
         774.985390909091,
         2.25968181818182e-05
      ],
      "800.000000": [
         799.988854545455,
         2.63521327272727e-05
      ],
      "825.000000": [
         825.014218181818,
         3.04226227272727e-05
      ],
      "850.000000": [
         849.994436363636,
         3.46249509090909e-05
      ],
      "875.000000": [
         874.966409090909,
         3.91563063636364e-05
      ],
      "900.000000": [
         899.941472727273,
         4.39263027272727e-05
      ],
      "925.000000": [
         924.959209090909,
         4.88265890909091e-05
      ],
      "950.000000": [
         949.962163636364,
         5.393188e-05
      ],
      "975.000000": [
         974.966345454545,
         5.93523309090909e-05
      ]
   },
   "module805/thermalCycles/data_IVCurve_Neg30_25Vper10sec_19Apr21_n2.txt": {
      "0.000000": [
         -0.000392388845454545,
         -3.67641613636364e-08
      ],